[
  {
    "noi_dung": "Bảo vệ toà nhà block A, không sắp xếp xe trong hầm.",
    "mo_ta": "",
    "vi_tri": "F02 - 01",
    "thoi_gian_xay_ra": "2-19-03 00:00:00",
    "thoi_gian_tao_pa": "2020-03-20 00:00:00",
    "tinh_trang_pa": "Đã xử lí",
    "tinh_trang_xu_ly": "Phản ánh ảo",
    "chu_de": "vệ sinh",
    "thoi_gian_trl": "2020-03-22 00:00:00",
    "nguoi_tra_loi": "Quyên",
    "noi_dung_tra_loi": "Trong quá trình kiểm tra, chúng tôi đã xác thực và xử lý  vi phạm ",
    "ma_phan_anh": "123",
    "hinh_anh": "https://image.tinnhanhchungkhoan.vn/715x540/uploaded/ngoctuanz/2019_08_24/8/1_wuhh.jpg"
  },
  {
    "noi_dung": "Bảo vệ toà nhà block A, không sắp xếp xe trong hầm.",
    "mo_ta": "",
    "vi_tri": "F02 - 02",
    "thoi_gian_xay_ra": "2-19020-05 00:00:00",
    "thoi_gian_tao_pa": "2020-04-30 00:00:00",
    "tinh_trang_pa": "Phản ánh ảo",
    "tinh_trang_xu_ly": "Phản ánh ảo",
    "chu_de": "vệ sinh",
    "thoi_gian_trl": "2020-04-30 00:00:00",
    "nguoi_tra_loi": "Quyên",
    "noi_dung_tra_loi": "Trong quá trình kiểm tra, chúng tôi đã xác thực và xử lý  vi phạm ",
    "ma_phan_anh": "124",
    "hinh_anh": "https://image.tinnhanhchungkhoan.vn/715x540/uploaded/ngoctuanz/2019_08_24/8/1_wuhh.jpg"
  },
  {
    "noi_dung": "Bảo vệ toà nhà block A, không sắp xếp xe trong hầm",
    "mo_ta": "",
    "vi_tri": "F02 - 03",
    "thoi_gian_xay_ra": "2-19020-05 00:00:00",
    "thoi_gian_tao_pa": "2020-04-30 00:00:00",
    "tinh_trang_pa": "Phản ánh ảo",
    "tinh_trang_xu_ly": "Phản ánh ảo",
    "chu_de": "vệ sinh",
    "thoi_gian_trl": "2020-04-30 00:00:00",
    "nguoi_tra_loi": "Quyên",
    "noi_dung_tra_loi": "Trong quá trình kiểm tra, chúng tôi đã xác thực và xử lý  vi phạm ",
    "ma_phan_anh": "125",
    "hinh_anh": "https://image.tinnhanhchungkhoan.vn/715x540/uploaded/ngoctuanz/2019_08_24/8/1_wuhh.jpg"
  },
  {
    "noi_dung": "Bảo vệ toà nhà block A, không sắp xếp xe trong hầm",
    "mo_ta": "",
    "vi_tri": "F02 - 04",
    "thoi_gian_xay_ra": "2-19020-05 00:00:00",
    "thoi_gian_tao_pa": "2020-04-30 00:00:00",
    "tinh_trang_pa": "Phản ánh ảo",
    "tinh_trang_xu_ly": "Phản ánh ảo",
    "chu_de": "vệ sinh",
    "thoi_gian_trl": "2020-04-30 00:00:00",
    "nguoi_tra_loi": "Quyên",
    "noi_dung_tra_loi": "Trong quá trình kiểm tra, chúng tôi đã xác thực và xử lý  vi phạm ",
    "ma_phan_anh": "126",
    "hinh_anh": "https://image.tinnhanhchungkhoan.vn/715x540/uploaded/ngoctuanz/2019_08_24/8/1_wuhh.jpg"
  },
  {
    "noi_dung": "Bảo vệ toà nhà block A, không sắp xếp xe trong hầm",
    "mo_ta": "",
    "vi_tri": "F02 - 05",
    "thoi_gian_xay_ra": "2-19020-05 00:00:00",
    "thoi_gian_tao_pa": "2020-04-30 00:00:00",
    "tinh_trang_pa": "Phản ánh ảo",
    "tinh_trang_xu_ly": "Phản ánh ảo",
    "chu_de": "vệ sinh",
    "thoi_gian_trl": "2020-04-30 00:00:00",
    "nguoi_tra_loi": "Quyên",
    "noi_dung_tra_loi": "Trong quá trình kiểm tra, chúng tôi đã xác thực và xử lý  vi phạm ",
    "ma_phan_anh": "127",
    "hinh_anh": "https://image.tinnhanhchungkhoan.vn/715x540/uploaded/ngoctuanz/2019_08_24/8/1_wuhh.jpg"
  },
  {
    "noi_dung": "Bảo vệ toà nhà block A, không sắp xếp xe trong hầm",
    "mo_ta": "",
    "vi_tri": "F02 - 06",
    "thoi_gian_xay_ra": "2-19020-05 00:00:00",
    "thoi_gian_tao_pa": "2020-04-30 00:00:00",
    "tinh_trang_pa": "Phản ánh ảo",
    "tinh_trang_xu_ly": "Phản ánh ảo",
    "chu_de": "vệ sinh",
    "thoi_gian_trl": "2020-04-30 00:00:00",
    "nguoi_tra_loi": "Quyên",
    "noi_dung_tra_loi": "Trong quá trình kiểm tra, chúng tôi đã xác thực và xử lý  vi phạm ",
    "ma_phan_anh": "128",
    "hinh_anh": "https://image.tinnhanhchungkhoan.vn/715x540/uploaded/ngoctuanz/2019_08_24/8/1_wuhh.jpg"
  },
  {
    "noi_dung": "Bảo vệ toà nhà block A, không sắp xếp xe trong hầm",
    "mo_ta": "",
    "vi_tri": "F02 - 07",
    "thoi_gian_xay_ra": "2-19020-05 00:00:00",
    "thoi_gian_tao_pa": "2020-04-30 00:00:00",
    "tinh_trang_pa": "Phản ánh ảo",
    "tinh_trang_xu_ly": "Phản ánh ảo",
    "chu_de": "vệ sinh",
    "thoi_gian_trl": "2020-04-30 00:00:00",
    "nguoi_tra_loi": "Quyên",
    "noi_dung_tra_loi": "Trong quá trình kiểm tra, chúng tôi đã xác thực và xử lý  vi phạm ",
    "ma_phan_anh": "129",
    "hinh_anh": "https://image.tinnhanhchungkhoan.vn/715x540/uploaded/ngoctuanz/2019_08_24/8/1_wuhh.jpg"
  },
  {
    "noi_dung": "Bảo vệ toà nhà block A, không sắp xếp xe trong hầm",
    "mo_ta": "",
    "vi_tri": "F02 - 08",
    "thoi_gian_xay_ra": "2-19020-05 00:00:00",
    "thoi_gian_tao_pa": "2020-04-30 00:00:00",
    "tinh_trang_pa": "Phản ánh ảo",
    "tinh_trang_xu_ly": "Phản ánh ảo",
    "chu_de": "vệ sinh",
    "thoi_gian_trl": "2020-04-30 00:00:00",
    "nguoi_tra_loi": "Quyên",
    "noi_dung_tra_loi": "Trong quá trình kiểm tra, chúng tôi đã xác thực và xử lý  vi phạm ",
    "ma_phan_anh": "130",
    "hinh_anh": "https://image.tinnhanhchungkhoan.vn/715x540/uploaded/ngoctuanz/2019_08_24/8/1_wuhh.jpg"
  }
]
