[
    {
        "noi_dung":"Bảo vệ nhà giữ xe clock A không sắp xếp xe trong hầm",
        "mo_ta":null,
        "vi_tri":"F02 - 01",
        "thoi_gian_xay_ra":"2-19020-03 00:00:00",
        "thoi_gian_tao_pa":"2020-03-20 00:00:00",
        "tinh_trang_pa":"Đã xử lí",
        "tinh_trang_xu_ly":"Phản ánh ảo",
        "chu_de":"vệ sinh",
        "thoi_gian_trl":"2020-03-22 00:00:00",
        "nguoi_tra_loi":"Quyên",
        "noi_dung_tra_loi":"Trong quá trình kiểm tra, fchúng tôi đã xác thực và xử lý  vi phạm",
        "ma_phan_anh":"123",
        "hinh_anh":"https://image.tinnhanhchungkhoan.vn/715x540/uploaded/ngoctuanz/2019_08_24/8/1_wuhh.jpg"
    }
]
